ID,Name,Age,Gender,Email Address,Phone Number,Address
177,Leah Malone,18,Female,lalvarez@example.org,(632)886-7072,"256 Kenneth Squares Apt. 693
Maryburgh, RI 11268"
650,Madison Rojas,37,Male,dbrown@example.org,(887)881-6130x79704,"Unit 5668 Box 1429
DPO AP 07724"
320,Jordan Coleman,57,Male,martinfowler@example.com,+1-260-643-5837x694,"Unit 6649 Box 5898
DPO AA 34221"
943,Jason Mcknight,39,Male,bobbymorris@example.com,+1-207-263-5574x2832,"4404 Murray Lodge
Lake Carl, OK 25260"
416,Susan Madden,68,Male,jasonlong@example.com,(941)517-2266x2522,"9285 Jennifer Corner Suite 151
Carrieport, MP 80351"
884,Larry Mitchell,78,Male,jennifer15@example.com,001-850-981-0509x69857,"873 Carpenter Green Suite 645
North Elizabeth, UT 48661"
987,Joseph Harris,63,Male,madisonwood@example.org,+1-764-531-9402x5756,"326 Gibson Alley
West Michaelchester, DC 91235"
720,Margaret Jensen,79,Male,stephenbradford@example.com,(385)657-8008x8808,"908 Hall Skyway Suite 382
Johnsonbury, IL 48668"
510,Robert Davis,22,Male,gonzalessarah@example.net,406.917.0948x4981,"9605 Gregory Gateway
West Courtneyland, PW 40191"
362,Miguel Gonzalez,32,Male,watsonallen@example.net,001-798-451-5461x73927,"704 Long Springs Apt. 582
Tracyberg, FL 59839"
403,Michael Hopkins,67,Male,andersonmichael@example.org,(365)221-8397x14541,"8946 Richards Roads Suite 039
South Kevin, NV 64582"
92,Adrian Valencia,67,Male,iedwards@example.org,983-689-4311x3007,"770 Mario Valley
Andrealand, IN 72417"
306,Danielle Hodge,74,Female,davidjones@example.net,+1-305-229-4320,"07819 Bailey Island Suite 645
East Josephfort, IN 21472"
308,Steven Jones,52,Male,mauricegardner@example.net,001-429-928-8735x63641,"597 Davis Estate
South Timothytown, IL 89047"
397,Jose Miller,22,Male,donnasmith@example.com,(479)385-1029x94847,"2618 Green Cape
Bradfordville, CO 64682"
327,Kevin Martinez,50,Male,whood@example.com,828.372.0180,"5587 Joseph Loaf Suite 633
North Donna, DE 65738"
636,Lauren Martin,71,Male,johnsonrobert@example.org,9042659154,"9158 Adams Ridges
Lewishaven, NY 88069"
902,Michelle Flynn,76,Female,ronaldmcconnell@example.org,4888120970,"2756 David Brooks Apt. 862
East Diana, RI 30651"
200,William White,26,Male,kwarner@example.net,001-633-755-7945x775,"20989 Sherry Islands
Krystalburgh, NM 71053"
803,Tyler Rivers,33,Female,victoria81@example.net,+1-793-677-5391x811,"07687 Julia Loop Apt. 636
Patrickberg, MT 80720"
215,Xavier King,35,Female,carolyn87@example.com,280.535.1248x26339,"PSC 8167, Box 7210
APO AA 22344"
999,Alyssa Jones,77,Female,frank60@example.com,(859)801-5666,"74218 Cameron View
South Lisa, TX 45818"
247,Jennifer Johnson,60,Male,heidifigueroa@example.org,001-945-407-9849x29997,"576 Anderson Manors Suite 610
South Ryan, IN 90573"
821,Courtney Cook,31,Female,beth28@example.net,567.221.1926x428,"334 Lee Passage Apt. 355
Lindsaychester, DC 02803"
421,Monica Simmons,39,Male,yramirez@example.net,584-903-8135,"6286 Adam Union Apt. 675
Kimberlymouth, PA 27481"
954,Janice Blackburn,52,Male,charles79@example.com,(375)436-1292x04443,"184 Guerrero Mission Suite 634
North Micheal, CO 16062"
978,Phillip Chandler,49,Female,patrickarmstrong@example.net,562-332-7167x53249,"PSC 0993, Box 7176
APO AE 49710"
798,Kelly Johnson,24,Male,melissagrant@example.net,4145871933,"Unit 2757 Box 5728
DPO AE 64374"
525,Heather Ferguson,35,Male,david35@example.com,849-959-5673x4113,"058 Erin River Suite 025
Toddland, AZ 16366"
560,Joseph Carlson,22,Male,palmercassandra@example.net,591-649-2785x732,"84197 Brent Loaf Suite 628
North Lindaburgh, MP 17305"
818,David Chen,43,Male,jennifer83@example.org,+1-711-397-1690x1159,"549 Kara Mill Apt. 005
East Stuart, OH 83734"
346,Sandra Jones,33,Female,gerald13@example.net,+1-707-789-6441x127,"56926 Andrew Keys Apt. 416
Kathleenborough, UT 36891"
580,Lauren Davis,28,Male,edwardsangela@example.org,891.334.0705,"USS Castaneda
FPO AP 06713"
732,Ashley Kidd,67,Male,cheryl81@example.org,+1-376-693-8507,"85121 Page Via
Lewismouth, MT 07490"
814,Jordan Miller,44,Male,amber03@example.com,777-440-5924x7802,"980 Allison Glen Apt. 267
Anthonyshire, VA 06476"
402,Stephanie Miller,73,Female,rebeccagarza@example.org,+1-480-878-0551,"5859 Lee Rapid
Lake Charleshaven, NY 34783"
425,Robert Whitehead,21,Male,robinsontimothy@example.net,(712)803-6462x931,"43547 Moore Heights
Kimberlyhaven, ID 34965"
486,Joshua Riley,39,Male,alan50@example.com,(753)990-2870x877,"Unit 2411 Box 7738
DPO AE 12762"
389,James Sutton,27,Female,jonesjulia@example.com,866-718-5491x630,"4014 Tanner Mountains Apt. 299
Brentfort, MP 10159"
542,Margaret Townsend,63,Female,christopher92@example.org,+1-382-408-5853x828,"798 John Springs Suite 287
North John, MA 05463"
813,Michelle Paul,63,Male,chelsea99@example.net,977-957-6479x403,"31329 Robbins Ferry
South Brianfort, SC 35017"
11,Debra Garcia,62,Male,kylebautista@example.com,467-466-1201x36815,"13363 Tracy Fort
Sanchezhaven, FL 13672"
476,Jasmine Gonzales,70,Female,cross@example.org,(632)236-1696x41941,"9033 Taylor Cove
North John, MN 93156"
969,Courtney Hernandez,71,Female,qholloway@example.com,7594264197,"PSC 2677, Box 6719
APO AP 49755"
203,Debra Kim,25,Female,erinanderson@example.com,(752)680-5511,"20160 Christina Corners Suite 344
Port Tracy, WV 88038"
189,Edward Wolf,47,Female,williamselizabeth@example.com,(858)328-3039x13424,"PSC 0946, Box 6168
APO AP 30414"
364,Amanda Summers,43,Female,garciarichard@example.com,(818)651-1121x4401,"577 Hudson Village
Lake Mariaport, IL 60881"
916,Steve Palmer,51,Male,christine30@example.com,798.758.1464x681,"07707 Page Shores
North Kathyberg, CO 16324"
442,Timothy Ellis,69,Female,owensmatthew@example.com,+1-958-725-9121x076,"965 Mercedes Path Suite 103
North Michael, NV 99673"
199,Zachary Lewis,53,Female,joshuabooth@example.org,765-867-2919x9850,"603 Amy Isle
South Doris, VA 37252"
917,Rebekah Cortez,21,Male,udaniels@example.org,001-420-686-8792x6377,"95771 Julia Lane Suite 616
Dwaynestad, GU 22402"
127,Kimberly Clark,42,Female,williamsalyssa@example.com,+1-598-676-5139x520,"505 Wells Spur Suite 969
Herberttown, AL 91460"
277,Melissa Hogan,19,Female,edwinjensen@example.com,230.352.3022x3292,"39038 Harris Oval Apt. 339
Dianahaven, PR 27308"
72,Steven Morgan,74,Female,katie22@example.com,001-308-883-3870x27101,"94863 Collins Lock
Jessicachester, NY 30395"
56,Anthony Owens,54,Male,josephfowler@example.org,001-720-896-0478x5954,"081 Jones Lane
South Ashleytown, IN 09680"
784,James Jackson,25,Female,nbrock@example.net,544.800.3573,"68323 Edwards Plain Apt. 859
Ryanville, KS 18676"
290,Latasha Morales,27,Female,shawnle@example.net,+1-225-369-4586,"9003 Christopher Mount
Matthewstad, SD 52722"
193,David Smith,18,Male,cooperjason@example.org,688.368.2338,"270 Hobbs Roads
Maryhaven, NY 32281"
394,Laurie Olson,56,Female,tsanford@example.com,001-876-739-3523x861,"Unit 1267 Box 3501
DPO AP 90954"
461,Amanda Cunningham,75,Male,anthony07@example.net,200.833.0401,"526 Jessica Estates
North Charlene, MI 53825"
557,Emily White,32,Female,shaundickson@example.net,383.757.1886,"8553 Griffin Stravenue Suite 641
Castroborough, TX 45265"
927,Lauren Wheeler,65,Male,steve68@example.com,+1-702-534-7992x979,"267 Choi Unions
West Shannon, WA 64209"
70,Nichole Bell,27,Male,brianvilla@example.net,611-596-7736,"850 Kristin Run Suite 432
Fowlerberg, NC 94816"
2,Hector Williams,18,Male,erica72@example.org,+1-805-456-1849x0029,"52568 Marquez Burgs Apt. 180
Liuchester, TN 29973"
638,Christina Woods,30,Male,jgraham@example.org,+1-257-417-5941x17328,"7069 Ronald Rapids
South Justinton, ME 77220"
860,Jennifer Costa,80,Female,roger85@example.net,659-755-3065,"PSC 4551, Box 8292
APO AE 45447"
384,Elizabeth Fisher,57,Female,jacobmcdonald@example.net,(322)858-3162x35715,"88008 Kelly Junction
Lake Rachelstad, MD 91406"
313,Sarah Herrera,37,Female,pgreen@example.net,(821)273-8789,"8674 Amy Pike
Hodgehaven, CA 07190"
453,William Myers,40,Male,webbcody@example.org,785.297.6288x561,"1328 Leslie Branch Suite 143
New Larry, DC 94606"
44,Tiffany Rodriguez,30,Male,evazquez@example.net,304.548.5847,"0186 Gomez Gardens
Clarkborough, PA 88944"
718,Megan Silva,54,Male,beckeramy@example.org,+1-818-401-0373x0939,"63992 Lin Tunnel Suite 751
Ibarrachester, ME 56088"
738,Ashley Andrews,42,Male,snowsteven@example.com,6277974072,"890 John Place
Ashleymouth, DC 27208"
735,Bruce Jennings,22,Male,brian42@example.org,(212)358-7092,"85014 Forbes Estates
Port Jeffrey, NH 10765"
250,Christopher Rasmussen,19,Female,albertjefferson@example.com,(804)777-0619,"01973 Curtis Flats Apt. 288
New Ericmouth, NC 96316"
214,Brian Martinez,49,Male,perezrachel@example.net,9283645981,"872 Laurie Summit Suite 701
North George, NM 22880"
700,Brent Pierce,57,Female,georgebrennan@example.net,3945120841,"40428 Emily Haven Apt. 078
Whitneytown, OH 13976"
224,Kristina Mclaughlin,68,Male,darleneschmidt@example.net,001-995-732-8256x4868,"65035 Christopher Glens
West Alyssabury, MH 09179"
469,Isaiah Davis,33,Female,donnacontreras@example.net,(302)720-0005x495,"5815 Jordan Crossroad Suite 844
Joneston, NV 64572"
661,Brendan Taylor,55,Female,brookschristopher@example.net,001-562-885-6854x47801,"9725 William Field
Kathleenland, MI 25725"
962,Cameron Ward,31,Female,davidmorales@example.com,+1-281-929-1886x279,"USNS Smith
FPO AE 11841"
952,Jodi May,53,Male,jennifer09@example.net,+1-851-408-6920,"8761 Johnson Springs Suite 955
Salazarfort, MA 10768"
713,Elizabeth Wilkerson,48,Male,lopezbrian@example.org,+1-914-721-6658,"137 Watts River Apt. 267
Ryanside, OR 73313"
769,Jamie Garcia,72,Female,rosedebbie@example.org,001-949-561-1131x5056,"8526 Patrick Causeway
East Brandonport, AZ 45879"
890,Maria Vang,56,Female,perezdavid@example.net,001-742-966-2176,"786 Donald Cliff Suite 960
Lake Anthonyhaven, KY 82598"
621,Maureen Brewer,51,Female,christine26@example.net,001-416-687-4995x15559,"362 Elizabeth Lane
West Jeffreyhaven, IL 46304"
288,Andrea Williams,66,Female,watkinshannah@example.com,+1-431-467-6383x24260,"839 Jeanne Field Suite 861
Wrightville, RI 79778"
503,Michael Lewis,27,Male,jeremyfreeman@example.com,656-960-2980x2551,"3554 Tammy Mountain
Valeriemouth, WA 12372"
846,Mr. Raymond Black DDS,18,Female,ronald36@example.net,6075904213,"484 Lee Ridges Apt. 239
Port Tinastad, MT 50098"
239,Alexandra Martinez,61,Male,fburns@example.org,322.936.2279x6188,"2952 Cindy Motorway
Chandlermouth, WV 46343"
194,Ryan Jones,61,Male,cristianmartinez@example.com,(518)391-2936,"583 Roberts Skyway Apt. 335
East George, AS 63842"
467,Cory Rice,74,Female,sara25@example.com,001-648-492-2455x119,"68937 Perez Forks Apt. 872
Warnershire, PW 04251"
881,Alexander Garcia,24,Male,hannah97@example.com,(657)864-5435,"42697 Eric Court Apt. 700
Port Carlosberg, AZ 22748"
851,Jocelyn Copeland,50,Female,rhondaperez@example.com,(355)746-0325x9983,"6520 Fuentes Trail
Martinezbury, FL 54109"
656,Jose Perez,32,Female,elliottbarbara@example.org,257.973.4078x151,"700 Moss Springs
New Andremouth, HI 27632"
35,Tammy Shepherd,26,Male,codypeterson@example.com,355-232-4748,"04018 Fitzgerald Green
Port Taraview, OK 30988"
911,Andrew Walton,38,Male,christopherflores@example.org,(297)816-0873x92430,"0463 Walker Road Apt. 166
North Christophermouth, CA 25152"
352,Sylvia Sanchez,80,Male,terrymcbride@example.net,393-485-0777,"970 Smith Mountains Suite 332
Port Emma, CT 44034"
336,Karen Johnson,22,Female,ochoacynthia@example.com,894-235-1222x854,"518 Catherine Freeway Apt. 666
North Anthony, MD 39894"
747,Christine Salazar,47,Female,seth35@example.com,+1-962-224-1729x594,"PSC 4774, Box 7174
APO AA 19603"
904,Natalie Walker,33,Male,elizabethwhite@example.net,587-657-0789x47346,"01159 Townsend Ford Apt. 100
Lake Michael, AR 87223"
